n,depth,alpha,seed,rule,chi,peak_weight,R,min_abs_Z,fidelity,discarded_weight,seconds
12,18,0,0,top_chi,2,1,0.75,0.0293311,0.0104722,10.3508,0.0215061
12,18,0,0,top_chi,4,1,1,0.236969,0.160281,5.2686,0.0219315
12,18,0,0,top_chi,8,1,1,0.538138,0.432493,2.59088,0.0256551
12,18,0,0,top_chi,16,1,1,0.728361,0.734432,0.920672,0.0390949
12,18,0,0,top_chi,32,1,1,0.954847,0.955071,0.139758,0.0779979
12,18,0,0,top_chi,64,1,1,1,1,0,0.110168
12,18,0,0,random,2,1,0.666667,0.0366315,0.00141905,88.6707,0.0264314
12,18,0,0,random,4,1,0.416667,0.00818895,0.00047754,66.1792,0.0294518
12,18,0,0,random,8,1,0.333333,0.0465074,9.16374e-06,39.2288,0.0329286
12,18,0,0,random,16,1,0.75,0.0245345,0.000939339,22.3967,0.0441295
12,18,0,0,random,32,1,0.666667,0.0200397,0.000636859,8.83184,0.0877382
12,18,0,0,random,64,1,1,1,1,0,0.114706
12,18,0,1,top_chi,2,1,0.75,0.0345149,0.00737671,11.0875,0.0356466
12,18,0,1,top_chi,4,1,1,0.189051,0.160631,5.42986,0.0485983
12,18,0,1,top_chi,8,1,1,0.319559,0.295869,2.89098,0.0346092
12,18,0,1,top_chi,16,1,1,0.67222,0.650824,1.23069,0.0453271
12,18,0,1,top_chi,32,1,1,0.92756,0.924034,0.220475,0.0854356
12,18,0,1,top_chi,64,1,1,1,1,0,0.104247
12,18,0,1,random,2,1,0.5,0.0659523,0.000219297,79.4442,0.0238555
12,18,0,1,random,4,1,0.666667,0.00700535,0.000125062,60.3592,0.0276575
12,18,0,1,random,8,1,0.416667,0.0238645,9.13977e-05,46.5193,0.039606
12,18,0,1,random,16,1,0.666667,0.00846012,2.21239e-05,22.7204,0.0477445
12,18,0,1,random,32,1,0.583333,0.00682129,0.000355524,9.22146,0.0853693
12,18,0,1,random,64,1,1,1,1,0,0.106636
12,18,0,2,top_chi,2,1,1,0.0256861,0.0771035,9.77045,0.021983
12,18,0,2,top_chi,4,1,1,0.202366,0.154413,5.55065,0.0251554
12,18,0,2,top_chi,8,1,1,0.267839,0.285812,3.10178,0.0307033
12,18,0,2,top_chi,16,1,1,0.61253,0.610193,1.39045,0.0499427
12,18,0,2,top_chi,32,1,1,0.915593,0.91203,0.258381,0.0765273
12,18,0,2,top_chi,64,1,1,1,1,0,0.110802
12,18,0,2,random,2,1,0.416667,0.0478363,7.3058e-07,77.0124,0.0216088
12,18,0,2,random,4,1,0.583333,0.03356,4.11897e-05,63.3507,0.0275731
12,18,0,2,random,8,1,0.416667,0.0178833,0.000296776,45.4302,0.028898
12,18,0,2,random,16,1,0.333333,0.00834946,1.11125e-05,22.2201,0.0452252
12,18,0,2,random,32,1,0.583333,0.02203,4.00874e-05,7.56335,0.0930685
12,18,0,2,random,64,1,1,1,1,0,0.130322
12,18,0,3,top_chi,2,1,0.583333,0.113595,0.000401101,10.6732,0.0202176
12,18,0,3,top_chi,4,1,1,0.201124,0.108602,5.71388,0.023103
12,18,0,3,top_chi,8,1,1,0.486258,0.394727,2.88444,0.0286135
12,18,0,3,top_chi,16,1,1,0.668115,0.647687,1.22919,0.0405013
12,18,0,3,top_chi,32,1,1,0.912573,0.913605,0.23226,0.0824455
12,18,0,3,top_chi,64,1,1,1,1,0,0.121157
12,18,0,3,random,2,1,0.583333,0.0537619,5.58723e-05,87.5419,0.0274106
12,18,0,3,random,4,1,0.333333,0.00367652,9.16147e-06,60.2583,0.0320527
12,18,0,3,random,8,1,0.333333,0.00549362,6.10031e-06,35.6394,0.0390714
12,18,0,3,random,16,1,0.5,0.00218766,6.12012e-06,25.0375,0.0498905
12,18,0,3,random,32,1,0.583333,0.0001369,6.01665e-05,8.43802,0.0960072
12,18,0,3,random,64,1,1,1,1,0,0.152478
12,18,0,4,top_chi,2,1,0.916667,0.109618,0.0132172,10.3605,0.0458524
12,18,0,4,top_chi,4,1,1,0.132181,0.133036,5.48954,0.0523521
12,18,0,4,top_chi,8,1,1,0.474212,0.412697,2.51284,0.0607098
12,18,0,4,top_chi,16,1,1,0.73784,0.730547,0.935477,0.0646797
12,18,0,4,top_chi,32,1,1,0.9463,0.944587,0.155327,0.129035
12,18,0,4,top_chi,64,1,1,1,1,0,0.1579
12,18,0,4,random,2,1,0.333333,0.104559,7.4917e-06,88.89,0.0505756
12,18,0,4,random,4,1,0.5,0.0119535,8.36309e-05,60.6627,0.0560987
12,18,0,4,random,8,1,0.5,0.0436113,1.21333e-05,34.4049,0.0488547
12,18,0,4,random,16,1,0.416667,0.00720167,5.46018e-06,20.8155,0.0685126
12,18,0,4,random,32,1,0.583333,0.014212,0.000504502,6.3318,0.13995
12,18,0,4,random,64,1,1,1,1,0,0.188056
12,18,0.05,0,top_chi,2,0.49985,0.75,0.00883523,0.00120532,10.4544,0.0525803
12,18,0.05,0,top_chi,4,0.49985,1,0.0678348,0.113143,5.37477,0.0504946
12,18,0.05,0,top_chi,8,0.49985,1,0.353824,0.292728,2.75675,0.0606827
12,18,0.05,0,top_chi,16,0.49985,1,0.496006,0.60784,1.03705,0.0878858
12,18,0.05,0,top_chi,32,0.49985,1,0.570651,0.898875,0.190535,0.153524
12,18,0.05,0,top_chi,64,0.49985,1,0.578779,1,0,0.160888
12,18,0.05,0,random,2,0.49985,0.583333,0.0536199,0.000431289,89.4569,0.0523766
12,18,0.05,0,random,4,0.49985,0.5,0.0536959,0.000100376,65.5806,0.0473261
12,18,0.05,0,random,8,0.49985,0.5,0.0363134,0.000102866,38.994,0.0574538
12,18,0.05,0,random,16,0.49985,0.583333,0.0537156,3.07062e-05,21.8892,0.0899256
12,18,0.05,0,random,32,0.49985,0.583333,0.0029359,0.000355957,8.75823,0.140906
12,18,0.05,0,random,64,0.49985,1,0.578779,1,0,0.168403
12,18,0.05,1,top_chi,2,0.50777,0.916667,0.0834424,0.0124766,11.2107,0.0389789
12,18,0.05,1,top_chi,4,0.50777,1,0.129177,0.101312,5.51062,0.0380688
12,18,0.05,1,top_chi,8,0.50777,1,0.232218,0.196456,3.08099,0.0437406
12,18,0.05,1,top_chi,16,0.50777,1,0.436112,0.516697,1.38719,0.0682968
12,18,0.05,1,top_chi,32,0.50777,1,0.542189,0.857103,0.280711,0.147765
12,18,0.05,1,top_chi,64,0.50777,1,0.546729,1,0,0.172996
12,18,0.05,1,random,2,0.50777,0.5,0.0621574,1.48133e-05,80.2766,0.0354966
12,18,0.05,1,random,4,0.50777,0.416667,0.00366627,0.000729538,61.3914,0.0488391
12,18,0.05,1,random,8,0.50777,0.583333,0.00955357,0.000132456,46.2039,0.0500925
12,18,0.05,1,random,16,0.50777,0.75,0.0267736,0.000446387,22.7581,0.0916366
12,18,0.05,1,random,32,0.50777,0.333333,0.00126812,0.000263683,9.20119,0.153926
12,18,0.05,1,random,64,0.50777,1,0.546729,1,0,0.179231
12,18,0.05,2,top_chi,2,0.532179,0.916667,0.00896584,0.0209592,9.68417,0.0390986
12,18,0.05,2,top_chi,4,0.532179,1,0.168129,0.104341,5.6065,0.0479108
12,18,0.05,2,top_chi,8,0.532179,1,0.116757,0.221176,3.20998,0.0785639
12,18,0.05,2,top_chi,16,0.532179,1,0.33444,0.50048,1.50129,0.0763364
12,18,0.05,2,top_chi,32,0.532179,1,0.548607,0.853578,0.313344,0.169709
12,18,0.05,2,top_chi,64,0.532179,1,0.588545,1,0,0.166609
12,18,0.05,2,random,2,0.532179,0.166667,0.00246522,0.000156197,76.7177,0.0522123
12,18,0.05,2,random,4,0.532179,0.666667,0.168143,3.63964e-06,63.3036,0.0530111
12,18,0.05,2,random,8,0.532179,0.583333,0.00579696,3.78448e-05,45.4282,0.0700277
12,18,0.05,2,random,16,0.532179,0.5,0.0212923,0.000316813,22.1403,0.0772781
12,18,0.05,2,random,32,0.532179,0.5,0.00883878,0.000166755,7.5551,0.145442
12,18,0.05,2,random,64,0.532179,1,0.588545,1,0,0.182719
12,18,0.05,3,top_chi,2,0.510717,0.583333,0.0176615,0.00715542,10.6047,0.0425675
12,18,0.05,3,top_chi,4,0.510717,1,0.171329,0.0737518,5.68449,0.0477873
12,18,0.05,3,top_chi,8,0.510717,1,0.309337,0.265052,2.96683,0.0531116
12,18,0.05,3,top_chi,16,0.510717,1,0.421259,0.538933,1.33425,0.0827639
12,18,0.05,3,top_chi,32,0.510717,1,0.508028,0.861686,0.275595,0.142409
12,18,0.05,3,top_chi,64,0.510717,1,0.553375,1,0,0.173367
12,18,0.05,3,random,2,0.510717,0.583333,0.0656126,0.000216583,87.8345,0.0593117
12,18,0.05,3,random,4,0.510717,0.416667,0.0318318,0.000320833,59.3935,0.0625361
12,18,0.05,3,random,8,0.510717,0.583333,0.0339893,0.000298963,36.2225,0.0432919
12,18,0.05,3,random,16,0.510717,0.416667,0.014769,0.00039405,24.9765,0.0872662
12,18,0.05,3,random,32,0.510717,0.5,0.0171256,2.78548e-05,8.37172,0.129757
12,18,0.05,3,random,64,0.510717,1,0.553375,1,0,0.162953
12,18,0.05,4,top_chi,2,0.522133,0.833333,0.0160596,0.0290971,10.5093,0.0448331
12,18,0.05,4,top_chi,4,0.522133,1,0.0665842,0.090036,5.72162,0.0631373
12,18,0.05,4,top_chi,8,0.522133,1,0.372803,0.278672,2.7356,0.0715367
12,18,0.05,4,top_chi,16,0.522133,1,0.494264,0.596933,1.09052,0.101106
12,18,0.05,4,top_chi,32,0.522133,1,0.564098,0.895592,0.199981,0.157088
12,18,0.05,4,top_chi,64,0.522133,1,0.568111,1,0,0.199543
12,18,0.05,4,random,2,0.522133,0.333333,0.0484496,0.00015265,89.3717,0.0601874
12,18,0.05,4,random,4,0.522133,0.666667,0.0561613,0.000230406,60.1589,0.0665167
12,18,0.05,4,random,8,0.522133,0.333333,0.0215412,9.0131e-06,32.987,0.0786267
12,18,0.05,4,random,16,0.522133,0.666667,0.0369554,0.00058224,20.0008,0.0849266
12,18,0.05,4,random,32,0.522133,0.5,0.0018768,0.000236795,6.37658,0.147438
12,18,0.05,4,random,64,0.522133,1,0.568111,1,0,0.204457
12,18,0.1,0,top_chi,2,0.0626337,0.416667,0.11007,2.62272e-05,11.5063,0.0495077
12,18,0.1,0,top_chi,4,0.0626337,0.916667,0.00980745,0.0373466,5.96285,0.0408973
12,18,0.1,0,top_chi,8,0.0626337,1,0.100626,0.112111,3.18667,0.0592023
12,18,0.1,0,top_chi,16,0.0626337,1,0.0938397,0.353154,1.3799,0.0906528
12,18,0.1,0,top_chi,32,0.0626337,1,0.123124,0.77696,0.306529,0.151319
12,18,0.1,0,top_chi,64,0.0626337,1,0.0992889,1,0,0.176067
12,18,0.1,0,random,2,0.0626337,0.166667,0.0121243,0.000337257,88.4657,0.0581813
12,18,0.1,0,random,4,0.0626337,0.583333,0.180834,4.53678e-05,65.3093,0.0360161
12,18,0.1,0,random,8,0.0626337,0.5,0.0151051,0.000127558,39.4542,0.0610655
12,18,0.1,0,random,16,0.0626337,0.666667,1.73393e-05,0.0020207,21.7604,0.0897071
12,18,0.1,0,random,32,0.0626337,0.583333,0.00974551,4.97952e-05,8.7839,0.121282
12,18,0.1,0,random,64,0.0626337,1,0.0992889,1,0,0.159775
12,18,0.1,1,top_chi,2,0.0662931,0.833333,0.00113686,0.0017382,11.9662,0.0333938
12,18,0.1,1,top_chi,4,0.0662931,0.833333,0.0325051,0.0146462,5.99771,0.0326808
12,18,0.1,1,top_chi,8,0.0662931,0.75,0.000714034,0.0728186,3.46597,0.0410124
12,18,0.1,1,top_chi,16,0.0662931,1,0.0626833,0.283956,1.74636,0.0610268
12,18,0.1,1,top_chi,32,0.0662931,1,0.0780435,0.728626,0.404852,0.106699
12,18,0.1,1,top_chi,64,0.0662931,1,0.0931862,1,0,0.137118
12,18,0.1,1,random,2,0.0662931,0.666667,0.0455699,0.000944849,80.6944,0.0297632
12,18,0.1,1,random,4,0.0662931,0.666667,0.0258441,0.000152361,61.3086,0.0305789
12,18,0.1,1,random,8,0.0662931,0.583333,0.00295815,0.00011685,46.6969,0.0379066
12,18,0.1,1,random,16,0.0662931,0.416667,0.00904719,0.000624525,22.727,0.0493907
12,18,0.1,1,random,32,0.0662931,0.583333,0.000907401,5.85848e-05,9.26604,0.0968574
12,18,0.1,1,random,64,0.0662931,1,0.0931862,1,0,0.121229
12,18,0.1,2,top_chi,2,0.0792884,0.833333,0.00106986,0.00847525,10.2311,0.0256413
12,18,0.1,2,top_chi,4,0.0792884,0.916667,0.000803143,0.0405123,5.99253,0.0269384
12,18,0.1,2,top_chi,8,0.0792884,0.916667,0.00885507,0.104929,3.56548,0.0335247
12,18,0.1,2,top_chi,16,0.0792884,0.916667,0.0232685,0.277297,1.81543,0.0436686
12,18,0.1,2,top_chi,32,0.0792884,1,0.0652769,0.723665,0.432732,0.093614
12,18,0.1,2,top_chi,64,0.0792884,1,0.0911349,1,0,0.126811
12,18,0.1,2,random,2,0.0792884,0.583333,0.0286035,6.45915e-05,76.6109,0.0287556
12,18,0.1,2,random,4,0.0792884,0.333333,0.00983451,0.000320234,63.0344,0.0315422
12,18,0.1,2,random,8,0.0792884,0.25,0.0210777,0.000377597,45.3471,0.0442679
12,18,0.1,2,random,16,0.0792884,0.333333,0.0190324,0.000146707,22.1089,0.0436622
12,18,0.1,2,random,32,0.0792884,0.5,0.00196074,0.000178165,7.6226,0.0955746
12,18,0.1,2,random,64,0.0792884,1,0.0911349,1,0,0.128956
12,18,0.1,3,top_chi,2,0.0694469,0.666667,0.0677272,0.000161788,10.6292,0.0249651
12,18,0.1,3,top_chi,4,0.0694469,0.833333,0.0214424,0.00953496,5.82566,0.0286755
12,18,0.1,3,top_chi,8,0.0694469,1,0.0408837,0.1077,3.28721,0.0399989
12,18,0.1,3,top_chi,16,0.0694469,1,0.0534262,0.320185,1.60837,0.0546865
12,18,0.1,3,top_chi,32,0.0694469,1,0.0624149,0.745707,0.380756,0.0973898
12,18,0.1,3,top_chi,64,0.0694469,1,0.0669646,1,0,0.132279
12,18,0.1,3,random,2,0.0694469,0.416667,0.0526885,0.000175199,88.0797,0.0494391
12,18,0.1,3,random,4,0.0694469,0.333333,0.0221602,0.000574934,59.5619,0.0748084
12,18,0.1,3,random,8,0.0694469,0.416667,0.0612816,7.83485e-05,37.1188,0.0641053
12,18,0.1,3,random,16,0.0694469,0.583333,0.0171204,0.000605244,25.028,0.067806
12,18,0.1,3,random,32,0.0694469,0.5,0.00196113,4.14598e-05,8.42668,0.117899
12,18,0.1,3,random,64,0.0694469,1,0.0669646,1,0,0.129063
12,18,0.1,4,top_chi,2,0.0773034,0.666667,0.0621011,0.00211455,10.6136,0.0273618
12,18,0.1,4,top_chi,4,0.0773034,1,0.0193338,0.0178667,6.22211,0.0243539
12,18,0.1,4,top_chi,8,0.0773034,1,0.107888,0.108899,3.21641,0.031717
12,18,0.1,4,top_chi,16,0.0773034,1,0.139791,0.360607,1.43213,0.0506072
12,18,0.1,4,top_chi,32,0.0773034,1,0.114592,0.786869,0.303215,0.0958312
12,18,0.1,4,top_chi,64,0.0773034,1,0.108314,1,0,0.123485
12,18,0.1,4,random,2,0.0773034,0.666667,0.0468113,2.22886e-05,89.0904,0.0384411
12,18,0.1,4,random,4,0.0773034,0.333333,0.0835194,0.000201196,60.2441,0.0604462
12,18,0.1,4,random,8,0.0773034,0.333333,0.0163594,0.000134129,33.9614,0.070064
12,18,0.1,4,random,16,0.0773034,0.583333,0.0273534,0.000140755,20.6451,0.06972
12,18,0.1,4,random,32,0.0773034,0.5,0.0190934,0.00036597,6.41343,0.116775
12,18,0.1,4,random,64,0.0773034,1,0.108314,1,0,0.144886
16,24,0,0,top_chi,2,1,0.8125,0.00199037,0.000834331,20.021,0.0586241
16,24,0,0,top_chi,4,1,1,0.0139025,0.0163193,12.2049,0.0795106
16,24,0,0,top_chi,8,1,1,0.134357,0.0812954,6.9598,0.0822989
16,24,0,0,top_chi,16,1,1,0.309685,0.239768,4.30883,0.113541
16,24,0,0,top_chi,32,1,1,0.518429,0.468557,2.39445,0.291415
16,24,0,0,top_chi,64,1,1,0.755602,0.734561,0.999897,4.58035
16,24,0,0,top_chi,128,1,1,0.94529,0.943841,0.182441,17.5838
16,24,0,0,top_chi,256,1,1,1,1,0,20.8892
16,24,0,0,random,2,1,0.6875,0.0611772,8.51395e-06,160.938,0.0986849
16,24,0,0,random,4,1,0.5625,0.0216783,1.38806e-05,142.116,0.171554
16,24,0,0,random,8,1,0.4375,0.00428362,1.0519e-07,95.197,0.161552
16,24,0,0,random,16,1,0.5,0.0101654,2.3036e-06,72.6141,0.217579
16,24,0,0,random,32,1,0.4375,0.00043926,1.38713e-05,51.4395,0.507087
16,24,0,0,random,64,1,0.375,0.0112847,2.21587e-06,32.2513,5.6038
16,24,0,0,random,128,1,0.5625,0.000169863,2.94112e-05,10.5428,19.8484
16,24,0,0,random,256,1,1,1,1,0,41.5659
16,24,0,1,top_chi,2,1,0.5,0.00519032,6.69014e-07,21.526,0.157143
16,24,0,1,top_chi,4,1,0.5,0.00708889,0.00245506,14.1466,0.192925
16,24,0,1,top_chi,8,1,1,0.143109,0.0586493,8.04436,0.248717
16,24,0,1,top_chi,16,1,1,0.262064,0.18529,4.8519,0.34612
16,24,0,1,top_chi,32,1,1,0.466501,0.395676,2.79082,0.835409
16,24,0,1,top_chi,64,1,1,0.709709,0.674571,1.23185,10.9488
16,24,0,1,top_chi,128,1,1,0.92525,0.922204,0.246415,33.8278
16,24,0,1,top_chi,256,1,1,1,1,0,26.4713
16,24,0,1,random,2,1,0.4375,0.00991487,3.68904e-06,156.002,0.119199
16,24,0,1,random,4,1,0.6875,0.066084,1.10156e-06,125.44,0.189078
16,24,0,1,random,8,1,0.5,0.00938947,2.77431e-06,101.567,0.218685
16,24,0,1,random,16,1,0.3125,0.0129393,2.74397e-08,74.0438,0.304264
16,24,0,1,random,32,1,0.5,0.0203099,4.03251e-06,53.4058,0.872625
16,24,0,1,random,64,1,0.75,0.00200899,5.6111e-05,32.5659,13.0903
16,24,0,1,random,128,1,0.375,7.74766e-05,3.35102e-05,10.2592,19.2786
16,24,0,1,random,256,1,1,1,1,0,30.3137
16,24,0,2,top_chi,2,1,0.5625,0.00244803,2.1472e-05,21.6004,0.0453921
16,24,0,2,top_chi,4,1,0.9375,0.0408075,0.00678239,12.7115,0.0521876
16,24,0,2,top_chi,8,1,1,0.0515364,0.0532514,7.93869,0.0597378
16,24,0,2,top_chi,16,1,1,0.234486,0.180929,4.80827,0.113779
16,24,0,2,top_chi,32,1,1,0.435338,0.40208,2.8198,0.37341
16,24,0,2,top_chi,64,1,1,0.691709,0.67129,1.26117,4.26152
16,24,0,2,top_chi,128,1,1,0.921364,0.919179,0.248247,31.8299
16,24,0,2,top_chi,256,1,1,1,1,0,31.1913
16,24,0,2,random,2,1,0.5,0.114856,2.11948e-06,155.682,0.170031
16,24,0,2,random,4,1,0.5625,0.0294099,8.6746e-07,128.579,0.190676
16,24,0,2,random,8,1,0.6875,0.0173496,1.75281e-06,100.207,0.211699
16,24,0,2,random,16,1,0.375,0.00979482,4.68182e-07,79.2004,0.303001
16,24,0,2,random,32,1,0.6875,0.0139425,0.000103847,51.0187,0.72873
16,24,0,2,random,64,1,0.5,0.00158625,1.26456e-06,33.3498,7.37215
16,24,0,2,random,128,1,0.4375,0.00167778,7.36514e-06,10.9192,30.3623
16,24,0,2,random,256,1,1,1,1,0,22.5764
16,24,0,3,top_chi,2,1,0.375,0.0405885,3.98944e-07,23.1797,0.058627
16,24,0,3,top_chi,4,1,0.9375,0.0342589,0.0037114,12.4434,0.0681651
16,24,0,3,top_chi,8,1,1,0.123209,0.0931252,7.40006,0.086169
16,24,0,3,top_chi,16,1,1,0.247713,0.200394,4.54853,0.314142
16,24,0,3,top_chi,32,1,1,0.469939,0.415224,2.63302,0.9497
16,24,0,3,top_chi,64,1,1,0.730759,0.701631,1.10575,13.6867
16,24,0,3,top_chi,128,1,1,0.936476,0.932776,0.211739,31.9748
16,24,0,3,top_chi,256,1,1,1,1,0,47.6139
16,24,0,3,random,2,1,0.3125,0.0367973,2.08606e-08,145.379,0.122653
16,24,0,3,random,4,1,0.3125,0.0466521,4.87222e-07,126.963,0.097183
16,24,0,3,random,8,1,0.625,0.0164443,5.28474e-06,97.6698,0.143978
16,24,0,3,random,16,1,0.6875,0.0228955,2.57338e-05,79.8313,0.201337
16,24,0,3,random,32,1,0.6875,0.00363836,9.71389e-07,50.3594,0.528295
16,24,0,3,random,64,1,0.6875,0.000539201,1.37081e-05,33.2481,9.28275
16,24,0,3,random,128,1,0.5625,0.00108286,0.000312181,10.4066,33.4291
16,24,0,3,random,256,1,1,1,1,0,36.1709
16,24,0,4,top_chi,2,1,0.5,0.00619151,3.83067e-05,19.7628,0.0978362
16,24,0,4,top_chi,4,1,0.75,0.0645456,0.00641275,12.9629,0.0960673
16,24,0,4,top_chi,8,1,1,0.109626,0.0738354,6.97137,0.0808617
16,24,0,4,top_chi,16,1,1,0.323347,0.24251,4.26995,0.14022
16,24,0,4,top_chi,32,1,1,0.491839,0.447998,2.31669,0.396781
16,24,0,4,top_chi,64,1,1,0.750487,0.732925,0.977195,5.24609
16,24,0,4,top_chi,128,1,1,0.943632,0.941959,0.182116,35.3804
16,24,0,4,top_chi,256,1,1,1,1,0,26.2416
16,24,0,4,random,2,1,0.5,0.00703052,7.24942e-07,151.316,0.149646
16,24,0,4,random,4,1,0.5,0.0226528,6.22658e-09,121.371,0.156148
16,24,0,4,random,8,1,0.375,0.0053547,2.61585e-05,103.743,0.217328
16,24,0,4,random,16,1,0.75,0.0114352,1.40948e-06,82.7283,0.326088
16,24,0,4,random,32,1,0.6875,0.00409979,2.7354e-05,53.65,0.799139
16,24,0,4,random,64,1,0.5625,0.00977353,1.57057e-05,32.4394,10.6225
16,24,0,4,random,128,1,0.5,0.000439975,3.30838e-05,9.41107,25.8066
16,24,0,4,random,256,1,1,1,1,0,29.0907
16,24,0.05,0,top_chi,2,0.272168,0.5625,0.00135307,2.84049e-05,20.7385,0.0497667
16,24,0.05,0,top_chi,4,0.272168,0.6875,0.00517776,0.000637142,12.6916,0.0677189
16,24,0.05,0,top_chi,8,0.272168,1,0.148407,0.0336292,7.52936,0.0811833
16,24,0.05,0,top_chi,16,0.272168,1,0.150457,0.106874,4.74091,0.112778
16,24,0.05,0,top_chi,32,0.272168,1,0.240431,0.274133,2.7577,0.402111
16,24,0.05,0,top_chi,64,0.272168,1,0.321886,0.51929,1.26358,8.97303
16,24,0.05,0,top_chi,128,0.272168,1,0.348067,0.842922,0.280298,32.2682
16,24,0.05,0,top_chi,256,0.272168,1,0.339444,1,0,32.7177
16,24,0.05,0,random,2,0.272168,0.5625,0.0151326,3.0522e-06,159.504,0.0828281
16,24,0.05,0,random,4,0.272168,0.6875,0.00918549,3.37149e-05,143.53,0.0829581
16,24,0.05,0,random,8,0.272168,0.375,0.0232228,4.05339e-06,96.4453,0.0639814
16,24,0.05,0,random,16,0.272168,0.6875,0.0163326,9.17204e-06,72.2934,0.115172
16,24,0.05,0,random,32,0.272168,0.5,0.0217616,1.17043e-05,51.6553,0.362888
16,24,0.05,0,random,64,0.272168,0.6875,0.00674186,4.88058e-06,32.912,4.75183
16,24,0.05,0,random,128,0.272168,0.375,0.000297611,9.60641e-06,10.5638,29.9879
16,24,0.05,0,random,256,0.272168,1,0.339444,1,0,23.4196
16,24,0.05,1,top_chi,2,0.308533,0.75,0.00931085,3.66321e-05,21.682,0.113304
16,24,0.05,1,top_chi,4,0.308533,0.5625,0.0117505,0.000318141,14.1088,0.165364
16,24,0.05,1,top_chi,8,0.308533,1,0.156175,0.0245609,8.37263,0.219511
16,24,0.05,1,top_chi,16,0.308533,1,0.171589,0.0958285,5.25269,0.334343
16,24,0.05,1,top_chi,32,0.308533,1,0.24764,0.246407,3.09794,0.788922
16,24,0.05,1,top_chi,64,0.308533,1,0.343482,0.490472,1.46323,9.76879
16,24,0.05,1,top_chi,128,0.308533,1,0.394218,0.81871,0.342781,25.4206
16,24,0.05,1,top_chi,256,0.308533,1,0.392261,1,0,27.8101
16,24,0.05,1,random,2,0.308533,0.4375,0.0394537,1.87574e-06,154.281,0.130128
16,24,0.05,1,random,4,0.308533,0.375,0.0203381,3.88989e-06,124.135,0.101795
16,24,0.05,1,random,8,0.308533,0.25,0.0073894,1.12213e-06,100.505,0.152254
16,24,0.05,1,random,16,0.308533,0.4375,0.0121152,2.30054e-06,73.7573,0.188342
16,24,0.05,1,random,32,0.308533,0.5,0.0048749,1.48796e-06,54.5001,0.474234
16,24,0.05,1,random,64,0.308533,0.625,0.00819566,1.32525e-06,32.6784,12.3242
16,24,0.05,1,random,128,0.308533,0.6875,0.000591271,4.13528e-06,10.2847,27.6779
16,24,0.05,1,random,256,0.308533,1,0.392261,1,0,31.6521
16,24,0.05,2,top_chi,2,0.261363,0.375,0.0105474,1.37556e-05,22.1523,0.0545251
16,24,0.05,2,top_chi,4,0.261363,0.875,0.0431223,0.00559476,12.8313,0.0541369
16,24,0.05,2,top_chi,8,0.261363,0.9375,0.0146401,0.0178414,8.17744,0.0632591
16,24,0.05,2,top_chi,16,0.261363,1,0.146879,0.0839409,5.15691,0.0971974
16,24,0.05,2,top_chi,32,0.261363,1,0.248991,0.243186,3.13681,0.31649
16,24,0.05,2,top_chi,64,0.261363,1,0.300701,0.482099,1.50015,5.10767
16,24,0.05,2,top_chi,128,0.261363,1,0.335577,0.817223,0.343098,34.5153
16,24,0.05,2,top_chi,256,0.261363,1,0.331865,1,0,34.5175
16,24,0.05,2,random,2,0.261363,0.3125,0.0200839,1.4094e-05,156.245,0.125557
16,24,0.05,2,random,4,0.261363,0.5625,0.0502416,1.54158e-05,129.294,0.126652
16,24,0.05,2,random,8,0.261363,0.6875,0.00662103,1.13599e-05,101.013,0.198336
16,24,0.05,2,random,16,0.261363,0.375,0.0408154,9.06142e-07,78.9079,0.195564
16,24,0.05,2,random,32,0.261363,0.375,0.0193246,6.33071e-06,51.6097,0.495567
16,24,0.05,2,random,64,0.261363,0.75,0.000367925,7.67675e-06,33.0575,5.96098
16,24,0.05,2,random,128,0.261363,0.75,0.00347206,1.67825e-06,10.9373,32.8475
16,24,0.05,2,random,256,0.261363,1,0.331865,1,0,22.2337
16,24,0.05,3,top_chi,2,0.281376,0.25,0.0182871,8.31939e-06,22.6068,0.045097
16,24,0.05,3,top_chi,4,0.281376,0.875,0.00717735,0.000667707,12.2744,0.051973
16,24,0.05,3,top_chi,8,0.281376,0.9375,0.0206698,0.0284601,7.77202,0.134604
16,24,0.05,3,top_chi,16,0.281376,1,0.109153,0.0942948,4.99236,0.148068
16,24,0.05,3,top_chi,32,0.281376,1,0.231746,0.243987,2.98706,0.493975
16,24,0.05,3,top_chi,64,0.281376,1,0.31603,0.498286,1.3771,5.29383
16,24,0.05,3,top_chi,128,0.281376,1,0.343313,0.825784,0.312913,15.8699
16,24,0.05,3,top_chi,256,0.281376,1,0.342019,1,0,17.3697
16,24,0.05,3,random,2,0.281376,0.375,0.0338165,7.18037e-06,147.536,0.0871133
16,24,0.05,3,random,4,0.281376,0.625,0.0106122,2.2336e-05,127.045,0.101483
16,24,0.05,3,random,8,0.281376,0.5625,0.00846264,4.66375e-06,98.1773,0.116569
16,24,0.05,3,random,16,0.281376,0.6875,0.0485219,9.70199e-06,77.7475,0.13751
16,24,0.05,3,random,32,0.281376,0.375,0.0222917,4.69475e-06,51.4788,0.466924
16,24,0.05,3,random,64,0.281376,0.4375,0.00807322,3.32974e-06,33.2816,5.39439
16,24,0.05,3,random,128,0.281376,0.4375,0.000725191,2.00213e-06,10.4236,19.4935
16,24,0.05,3,random,256,0.281376,1,0.342019,1,0,20.3263
16,24,0.05,4,top_chi,2,0.297971,0.5625,0.00207108,2.60801e-05,19.9594,0.0641537
16,24,0.05,4,top_chi,4,0.297971,0.6875,0.0604665,0.000997062,12.9924,0.0671908
16,24,0.05,4,top_chi,8,0.297971,1,0.0384736,0.024434,7.2701,0.0802882
16,24,0.05,4,top_chi,16,0.297971,1,0.157798,0.113206,4.60939,0.153568
16,24,0.05,4,top_chi,32,0.297971,1,0.24334,0.29366,2.57268,0.516701
16,24,0.05,4,top_chi,64,0.297971,1,0.338374,0.559726,1.17026,5.63163
16,24,0.05,4,top_chi,128,0.297971,1,0.375577,0.861434,0.257278,18.6086
16,24,0.05,4,top_chi,256,0.297971,1,0.371333,1,0,21.2099
16,24,0.05,4,random,2,0.297971,0.5625,0.0467852,3.69985e-06,153.232,0.0838563
16,24,0.05,4,random,4,0.297971,0.5,0.0196783,4.96955e-07,120.476,0.0935646
16,24,0.05,4,random,8,0.297971,0.625,0.0121839,0.000172022,102.717,0.102234
16,24,0.05,4,random,16,0.297971,0.5,0.0029963,8.31136e-06,82.8996,0.156708
16,24,0.05,4,random,32,0.297971,0.6875,0.0188282,5.25446e-05,54.2685,0.503467
16,24,0.05,4,random,64,0.297971,0.5625,0.00023714,5.19555e-06,32.3934,4.36864
16,24,0.05,4,random,128,0.297971,0.5625,0.00154479,6.60417e-05,9.45413,13.6017
16,24,0.05,4,random,256,0.297971,1,0.371333,1,0,13.3446
16,24,0.1,0,top_chi,2,0.00668789,0.625,0.0638556,5.52805e-06,20.8427,0.0401111
16,24,0.1,0,top_chi,4,0.00668789,0.5625,0.0289682,4.6282e-05,13.5885,0.0465626
16,24,0.1,0,top_chi,8,0.00668789,0.8125,0.000691936,0.00198582,8.54897,0.0629878
16,24,0.1,0,top_chi,16,0.00668789,0.9375,0.00614503,0.0120261,5.69919,0.0922324
16,24,0.1,0,top_chi,32,0.00668789,1,0.0129401,0.0634294,3.60972,0.285926
16,24,0.1,0,top_chi,64,0.00668789,1,0.0117936,0.212089,1.89193,3.42927
16,24,0.1,0,top_chi,128,0.00668789,1,0.0096023,0.649084,0.491479,12.3227
16,24,0.1,0,top_chi,256,0.00668789,1,0.00781336,1,0,13.2256
16,24,0.1,0,random,2,0.00668789,0.4375,0.0555893,3.7229e-07,158.49,0.0465089
16,24,0.1,0,random,4,0.00668789,0.8125,0.0311104,1.45146e-05,142.347,0.0597604
16,24,0.1,0,random,8,0.00668789,0.375,0.00217419,1.21026e-05,95.8536,0.0651688
16,24,0.1,0,random,16,0.00668789,0.625,0.00558928,2.36632e-05,72.5232,0.104713
16,24,0.1,0,random,32,0.00668789,0.5625,0.0359396,1.1447e-06,51.802,0.299978
16,24,0.1,0,random,64,0.00668789,0.375,0.00690409,1.64788e-06,33.122,3.62495
16,24,0.1,0,random,128,0.00668789,0.6875,0.000339299,6.23939e-06,10.5666,12.2183
16,24,0.1,0,random,256,0.00668789,1,0.00781336,1,0,12.7765
16,24,0.1,1,top_chi,2,0.00805105,0.4375,0.0160802,7.22973e-06,23.1018,0.0391706
16,24,0.1,1,top_chi,4,0.00805105,0.6875,0.0205516,3.58482e-05,14.5788,0.0484209
16,24,0.1,1,top_chi,8,0.00805105,1,0.0185472,0.00143297,9.20799,0.0576043
16,24,0.1,1,top_chi,16,0.00805105,0.9375,0.00267212,0.0151043,6.09024,0.0910316
16,24,0.1,1,top_chi,32,0.00805105,0.9375,0.00721301,0.0643998,3.84357,0.258195
16,24,0.1,1,top_chi,64,0.00805105,1,0.0125077,0.20556,2.0317,3.21247
16,24,0.1,1,top_chi,128,0.00805105,1,0.0261004,0.623786,0.551991,11.3286
16,24,0.1,1,top_chi,256,0.00805105,1,0.0249518,1,0,12.2211
16,24,0.1,1,random,2,0.00805105,0.375,0.051256,9.00461e-06,156.152,0.0478723
16,24,0.1,1,random,4,0.00805105,0.4375,0.0308775,1.32411e-05,125.358,0.0491549
16,24,0.1,1,random,8,0.00805105,0.375,0.00375557,1.20913e-05,101.679,0.0625968
16,24,0.1,1,random,16,0.00805105,0.625,0.00931597,7.17547e-06,73.909,0.0883465
16,24,0.1,1,random,32,0.00805105,0.6875,0.00291132,1.01502e-05,54.2613,0.256198
16,24,0.1,1,random,64,0.00805105,0.375,0.00359946,1.39279e-05,32.4003,3.23386
16,24,0.1,1,random,128,0.00805105,0.75,0.0010646,1.02151e-05,10.2945,11.2739
16,24,0.1,1,random,256,0.00805105,1,0.0249518,1,0,12.589
16,24,0.1,2,top_chi,2,0.00483661,0.625,0.0662966,4.91802e-05,22.6697,0.0386683
16,24,0.1,2,top_chi,4,0.00483661,0.8125,0.0320137,2.66638e-05,13.8583,0.0425012
16,24,0.1,2,top_chi,8,0.00483661,0.5625,0.0208648,0.000986745,9.13818,0.0528001
16,24,0.1,2,top_chi,16,0.00483661,0.875,0.00119453,0.0113199,5.92728,0.0926222
16,24,0.1,2,top_chi,32,0.00483661,0.9375,0.0267312,0.0526983,3.94905,0.258817
16,24,0.1,2,top_chi,64,0.00483661,1,0.00102011,0.190775,2.10621,3.21865
16,24,0.1,2,top_chi,128,0.00483661,1,0.0109306,0.624725,0.551343,11.2342
16,24,0.1,2,top_chi,256,0.00483661,1,0.0127478,1,0,12.1199
16,24,0.1,2,random,2,0.00483661,0.4375,0.0439348,3.48584e-05,156.912,0.0431584
16,24,0.1,2,random,4,0.00483661,0.3125,0.031375,8.2332e-06,129.417,0.0577743
16,24,0.1,2,random,8,0.00483661,0.5,0.039605,3.23339e-06,101.522,0.0604401
16,24,0.1,2,random,16,0.00483661,0.4375,0.0110247,1.56808e-05,78.509,0.0885541
16,24,0.1,2,random,32,0.00483661,0.625,0.0189947,4.86622e-06,51.7287,0.250693
16,24,0.1,2,random,64,0.00483661,0.5625,0.00144394,7.32779e-06,33.4159,3.1898
16,24,0.1,2,random,128,0.00483661,0.5,0.000749717,9.57667e-06,10.9435,11.3788
16,24,0.1,2,random,256,0.00483661,1,0.0127478,1,0,12.2472
16,24,0.1,3,top_chi,2,0.00574981,0.5625,0.0061808,4.52658e-06,23.4211,0.0369063
16,24,0.1,3,top_chi,4,0.00574981,0.6875,0.0115325,1.7061e-05,13.0857,0.0425464
16,24,0.1,3,top_chi,8,0.00574981,0.6875,0.00389166,0.00233032,8.73487,0.0514975
16,24,0.1,3,top_chi,16,0.00574981,0.875,0.00873178,0.0119198,5.85025,0.083653
16,24,0.1,3,top_chi,32,0.00574981,1,0.000334784,0.0542258,3.88639,0.247034
16,24,0.1,3,top_chi,64,0.00574981,0.9375,0.00036053,0.191149,2.05017,3.17813
16,24,0.1,3,top_chi,128,0.00574981,1,0.0040926,0.623272,0.534368,13.5089
16,24,0.1,3,top_chi,256,0.00574981,1,0.00481812,1,0,12.5464
16,24,0.1,3,random,2,0.00574981,0.5625,0.0995832,1.92007e-05,146.746,0.0443621
16,24,0.1,3,random,4,0.00574981,0.5,0.0314788,1.37281e-06,127.186,0.0463001
16,24,0.1,3,random,8,0.00574981,0.5,0.0312038,4.32378e-05,97.8033,0.0627888
16,24,0.1,3,random,16,0.00574981,0.5625,0.0514187,1.93442e-05,78.5494,0.088463
16,24,0.1,3,random,32,0.00574981,0.4375,0.0115035,6.13147e-06,51.8005,0.242345
16,24,0.1,3,random,64,0.00574981,0.4375,0.0114856,1.05795e-05,33.1192,3.47816
16,24,0.1,3,random,128,0.00574981,0.5,0.00295581,9.80316e-06,10.3935,10.8414
16,24,0.1,3,random,256,0.00574981,1,0.00481812,1,0,11.9961
16,24,0.1,4,top_chi,2,0.00847704,0.6875,0.0141015,3.60846e-06,20.6785,0.0341126
16,24,0.1,4,top_chi,4,0.00847704,0.6875,0.000512961,2.11287e-05,13.7366,0.0368918
16,24,0.1,4,top_chi,8,0.00847704,0.625,0.00981279,0.00289048,7.91591,0.0466144
16,24,0.1,4,top_chi,16,0.00847704,0.875,0.00355051,0.0189825,5.329,0.0751041
16,24,0.1,4,top_chi,32,0.00847704,0.9375,0.00316205,0.0900172,3.23939,0.229878
16,24,0.1,4,top_chi,64,0.00847704,1,0.0245143,0.272313,1.66336,3.21459
16,24,0.1,4,top_chi,128,0.00847704,1,0.0170718,0.697916,0.426014,11.5825
16,24,0.1,4,top_chi,256,0.00847704,1,0.0117941,1,0,12.5667
16,24,0.1,4,random,2,0.00847704,0.5625,0.0642419,9.07405e-06,151.932,0.103877
16,24,0.1,4,random,4,0.00847704,0.75,0.00491333,7.34458e-06,121.381,0.0622666
16,24,0.1,4,random,8,0.00847704,0.3125,0.0325721,3.61735e-06,103.336,0.0926519
16,24,0.1,4,random,16,0.00847704,0.75,0.00796537,1.60455e-05,81.5187,0.117919
16,24,0.1,4,random,32,0.00847704,0.5,0.0142126,1.14232e-05,53.0671,0.247968
16,24,0.1,4,random,64,0.00847704,0.5,0.012209,1.65106e-05,32.0751,2.85992
16,24,0.1,4,random,128,0.00847704,0.5,0.00241018,4.50829e-05,9.42272,11.2033
16,24,0.1,4,random,256,0.00847704,1,0.0117941,1,0,12.9688
20,30,0,0,top_chi,2,1,0.55,0.0162016,nan,37.5828,0.111964
20,30,0,0,top_chi,4,1,0.65,0.00819258,nan,23.6411,0.111647
20,30,0,0,top_chi,8,1,0.8,0.00323018,nan,15.129,0.148916
20,30,0,0,top_chi,16,1,1,0.0956197,nan,9.65664,0.14748
20,30,0,0,top_chi,32,1,1,0.195335,nan,6.62822,0.417587
20,30,0,0,top_chi,64,1,1,0.311989,nan,4.3014,7.41596
20,30,0,0,top_chi,128,1,1,0.493296,nan,2.51614,37.8004
20,30,0,0,top_chi,256,1,1,0.736653,nan,1.08603,67.7667
20,30,0,1,top_chi,2,1,0.55,0.00282062,nan,37.3046,0.0500096
20,30,0,1,top_chi,4,1,0.95,0.0178203,nan,22.5106,0.0597036
20,30,0,1,top_chi,8,1,1,0.118399,nan,14.6008,0.0809964
20,30,0,1,top_chi,16,1,1,0.0808195,nan,9.04792,0.140892
20,30,0,1,top_chi,32,1,1,0.155262,nan,5.84394,0.435948
20,30,0,1,top_chi,64,1,1,0.351499,nan,3.78897,7.80867
20,30,0,1,top_chi,128,1,1,0.544447,nan,2.26982,34.712
20,30,0,1,top_chi,256,1,1,0.767707,nan,0.999976,65.4747
20,30,0,2,top_chi,2,1,0.55,0.0249644,nan,36.5296,0.0477501
20,30,0,2,top_chi,4,1,0.45,0.0023195,nan,24.9807,0.0551641
20,30,0,2,top_chi,8,1,0.9,0.0202882,nan,15.1495,0.0719962
20,30,0,2,top_chi,16,1,1,0.045409,nan,9.38047,0.12031
20,30,0,2,top_chi,32,1,1,0.160231,nan,6.01269,0.386953
20,30,0,2,top_chi,64,1,1,0.282169,nan,4.04593,7.07781
20,30,0,2,top_chi,128,1,1,0.47726,nan,2.49349,29.8554
20,30,0,2,top_chi,256,1,1,0.727699,nan,1.13049,67.9914
20,30,0,3,top_chi,2,1,0.6,0.0657478,nan,38.699,0.0661494
20,30,0,3,top_chi,4,1,0.8,0.00456758,nan,21.399,0.0680155
20,30,0,3,top_chi,8,1,0.95,0.00737931,nan,14.3824,0.099811
20,30,0,3,top_chi,16,1,1,0.0818382,nan,8.71426,0.211927
20,30,0,3,top_chi,32,1,1,0.166858,nan,6.07039,0.615574
20,30,0,3,top_chi,64,1,1,0.314056,nan,3.91519,7.71945
20,30,0,3,top_chi,128,1,1,0.516477,nan,2.28323,34.7482
20,30,0,3,top_chi,256,1,1,0.764062,nan,0.975211,61.5878
20,30,0,4,top_chi,2,1,0.4,0.0103943,nan,40.5561,0.0496112
20,30,0,4,top_chi,4,1,0.65,0.000591939,nan,22.3014,0.0590243
20,30,0,4,top_chi,8,1,1,0.0319674,nan,13.9484,0.072206
20,30,0,4,top_chi,16,1,0.95,0.00827232,nan,8.45611,0.124231
20,30,0,4,top_chi,32,1,1,0.143358,nan,5.88014,0.379342
20,30,0,4,top_chi,64,1,1,0.304133,nan,3.95704,6.91475
20,30,0,4,top_chi,128,1,1,0.504609,nan,2.3712,31.6716
20,30,0,4,top_chi,256,1,1,0.741055,nan,1.07859,62.3402
20,30,0.05,0,top_chi,2,0.118498,0.35,0.0065523,nan,38.1548,0.0504148
20,30,0.05,0,top_chi,4,0.118498,0.35,0.00798109,nan,24.1953,0.0559651
20,30,0.05,0,top_chi,8,0.118498,0.75,0.000788723,nan,15.8937,0.0712897
20,30,0.05,0,top_chi,16,0.118498,1,0.00448637,nan,10.2653,0.121843
20,30,0.05,0,top_chi,32,0.118498,1,0.0646464,nan,7.2296,0.370006
20,30,0.05,0,top_chi,64,0.118498,1,0.11228,nan,4.87181,6.79849
20,30,0.05,0,top_chi,128,0.118498,1,0.156934,nan,3.00462,30.5057
20,30,0.05,0,top_chi,256,0.118498,1,0.203395,nan,1.44711,63.0235
20,30,0.05,1,top_chi,2,0.132631,0.55,0.0086414,nan,37.3737,0.0491466
20,30,0.05,1,top_chi,4,0.132631,0.8,0.0130113,nan,23.7485,0.0564506
20,30,0.05,1,top_chi,8,0.132631,1,0.0199387,nan,14.9474,0.0719375
20,30,0.05,1,top_chi,16,0.132631,1,0.0110635,nan,9.60606,0.12285
20,30,0.05,1,top_chi,32,0.132631,1,0.0536777,nan,6.44318,0.376566
20,30,0.05,1,top_chi,64,0.132631,1,0.120558,nan,4.33259,6.74889
20,30,0.05,1,top_chi,128,0.132631,1,0.163022,nan,2.73397,29.2898
20,30,0.05,1,top_chi,256,0.132631,1,0.204567,nan,1.34278,63.0599
20,30,0.05,2,top_chi,2,0.124269,0.55,0.0145639,nan,38.3934,0.049292
20,30,0.05,2,top_chi,4,0.124269,0.7,0.00881537,nan,24.8203,0.0562878
20,30,0.05,2,top_chi,8,0.124269,0.65,0.000789563,nan,15.8476,0.0717976
20,30,0.05,2,top_chi,16,0.124269,0.95,0.00971427,nan,10.1345,0.120396
20,30,0.05,2,top_chi,32,0.124269,1,0.0688613,nan,6.62561,0.431337
20,30,0.05,2,top_chi,64,0.124269,1,0.104635,nan,4.65588,6.76033
20,30,0.05,2,top_chi,128,0.124269,1,0.15935,nan,3.05892,29.9234
20,30,0.05,2,top_chi,256,0.124269,1,0.206754,nan,1.55728,83.9062
20,30,0.05,3,top_chi,2,0.14318,0.45,0.0386213,nan,37.9061,0.0736299
20,30,0.05,3,top_chi,4,0.14318,0.45,0.000426486,nan,22.0758,0.118185
20,30,0.05,3,top_chi,8,0.14318,0.9,0.00789621,nan,15.1562,0.0955673
20,30,0.05,3,top_chi,16,0.14318,1,0.0233052,nan,9.36381,0.173893
20,30,0.05,3,top_chi,32,0.14318,1,0.0632839,nan,6.65037,0.456665
20,30,0.05,3,top_chi,64,0.14318,1,0.132401,nan,4.48939,8.3576
20,30,0.05,3,top_chi,128,0.14318,1,0.185768,nan,2.77301,35.8713
20,30,0.05,3,top_chi,256,0.14318,1,0.231086,nan,1.33109,73.504
20,30,0.05,4,top_chi,2,0.121656,0.5,0.0327879,nan,40.355,0.0514631
20,30,0.05,4,top_chi,4,0.121656,0.55,0.0134193,nan,22.7701,0.0607335
20,30,0.05,4,top_chi,8,0.121656,0.85,0.0183482,nan,14.4378,0.0739624
20,30,0.05,4,top_chi,16,0.121656,0.95,0.0448683,nan,8.86251,0.135004
20,30,0.05,4,top_chi,32,0.121656,1,0.0480889,nan,6.3773,0.399592
20,30,0.05,4,top_chi,64,0.121656,1,0.104307,nan,4.48763,7.4953
20,30,0.05,4,top_chi,128,0.121656,1,0.163417,nan,2.82951,36.3191
20,30,0.05,4,top_chi,256,0.121656,1,0.212341,nan,1.4202,86.8979
20,30,0.1,0,top_chi,2,0.000198397,0.4,0.00201193,nan,37.6923,0.0940731
20,30,0.1,0,top_chi,4,0.000198397,0.45,0.0106297,nan,24.4461,0.086404
20,30,0.1,0,top_chi,8,0.000198397,0.4,0.00109748,nan,17.2831,0.163327
20,30,0.1,0,top_chi,16,0.000198397,0.8,0.000450406,nan,11.536,0.209643
20,30,0.1,0,top_chi,32,0.000198397,0.65,0.00445087,nan,8.45544,0.42934
20,30,0.1,0,top_chi,64,0.000198397,0.9,0.00658889,nan,6.17849,7.41927
20,30,0.1,0,top_chi,128,0.000198397,0.95,0.00299928,nan,4.1737,37.4892
20,30,0.1,0,top_chi,256,0.000198397,1,0.00348901,nan,2.32566,85.3309
20,30,0.1,1,top_chi,2,0.000255407,0.5,0.0257961,nan,38.4235,0.0495934
20,30,0.1,1,top_chi,4,0.000255407,0.5,0.00635069,nan,24.9578,0.0568626
20,30,0.1,1,top_chi,8,0.000255407,0.65,0.00214384,nan,16.1684,0.074614
20,30,0.1,1,top_chi,16,0.000255407,0.7,0.00624695,nan,10.848,0.125804
20,30,0.1,1,top_chi,32,0.000255407,0.8,0.00144764,nan,7.66128,0.514853
20,30,0.1,1,top_chi,64,0.000255407,0.9,0.00060671,nan,5.57274,7.0948
20,30,0.1,1,top_chi,128,0.000255407,0.95,8.87268e-05,nan,3.88306,32.2592
20,30,0.1,1,top_chi,256,0.000255407,1,0.00231624,nan,2.19471,62.4767
20,30,0.1,2,top_chi,2,0.000213101,0.55,0.0163822,nan,39.8727,0.0501679
20,30,0.1,2,top_chi,4,0.000213101,0.45,0.00446805,nan,25.6464,0.0550707
20,30,0.1,2,top_chi,8,0.000213101,0.4,0.000206676,nan,16.9256,0.0721044
20,30,0.1,2,top_chi,16,0.000213101,0.55,0.00116519,nan,11.5092,0.124407
20,30,0.1,2,top_chi,32,0.000213101,0.65,0.00144141,nan,7.85439,0.422159
20,30,0.1,2,top_chi,64,0.000213101,0.8,0.00108997,nan,5.90101,7.1214
20,30,0.1,2,top_chi,128,0.000213101,0.85,0.000497961,nan,4.27474,30.7937
20,30,0.1,2,top_chi,256,0.000213101,0.95,2.8689e-06,nan,2.48813,75.1957
20,30,0.1,3,top_chi,2,0.000488048,0.5,0.00558744,nan,38.5582,0.0737896
20,30,0.1,3,top_chi,4,0.000488048,0.5,0.00703585,nan,22.4222,0.0795853
20,30,0.1,3,top_chi,8,0.000488048,0.65,0.000408484,nan,16.603,0.138068
20,30,0.1,3,top_chi,16,0.000488048,0.8,0.000624627,nan,10.5269,0.162189
20,30,0.1,3,top_chi,32,0.000488048,0.85,0.00206281,nan,7.76844,0.434218
20,30,0.1,3,top_chi,64,0.000488048,1,0.00132828,nan,5.76267,7.45965
20,30,0.1,3,top_chi,128,0.000488048,1,0.00496627,nan,3.97112,39.6258
20,30,0.1,3,top_chi,256,0.000488048,1,0.00608523,nan,2.22765,88.8018
20,30,0.1,4,top_chi,2,0.000185342,0.45,0.00552697,nan,39.276,0.11333
20,30,0.1,4,top_chi,4,0.000185342,0.4,0.00257852,nan,25.0487,0.0820866
20,30,0.1,4,top_chi,8,0.000185342,0.6,0.0175547,nan,15.6566,0.0994436
20,30,0.1,4,top_chi,16,0.000185342,0.5,0.00147101,nan,10.0969,0.192046
20,30,0.1,4,top_chi,32,0.000185342,0.6,0.00366821,nan,7.43986,0.517793
20,30,0.1,4,top_chi,64,0.000185342,0.8,0.00072383,nan,5.64333,7.22251
20,30,0.1,4,top_chi,128,0.000185342,0.9,0.00373531,nan,3.86654,35.2951
20,30,0.1,4,top_chi,256,0.000185342,0.95,0.000141643,nan,2.20203,84.1478
